fecha,enero,febrero,marzo,abril,mayo,junio,julio,agosto,septiembre,octubre,noviembre,diciembre
1958,122.0,146.0,147.0,150.0,138.0,111.0,114.0,136.0,158.0,115.0,140.0,127.0
1959,137.0,152.0,150.0,161.0,151.0,124.0,119.0,148.0,190.0,160.0,143.0,138.0
1960,140.0,155.0,147.0,173.0,139.0,108.0,112.0,143.0,156.0,135.0,125.0,133.0
1961,126.0,128.0,168.0,165.0,137.0,109.0,109.0,139.0,156.0,133.0,136.0,113.0
1962,126.0,147.0,146.0,159.0,135.0,114.0,119.0,141.0,149.0,131.0,133.0,132.0
1963,137.0,146.0,152.0,162.0,145.0,110.0,117.0,141.0,161.0,132.0,126.0,121.0
1964,123.0,144.0,140.0,158.0,144.0,109.0,116.0,143.0,154.0,132.0,128.0,139.0
1965,132.0,149.0,161.0,156.0,140.0,114.0,112.0,135.0,149.0,138.0,128.0,134.0
1966,130.0,148.0,151.0,162.0,141.0,114.0,112.0,136.0,160.0,137.0,130.0,134.0
1967,119.0,158.0,153.0,165.0,133.0,115.0,107.0,133.0,152.0,130.0,128.0,138.0
1968,136.0,143.0,149.0,167.0,149.0,117.0,114.0,137.0,132.0,122.0,137.0,137.0
1969,135.0,146.0,154.0,154.0,131.0,112.0,117.0,130.0,154.0,142.0,137.0,129.0
1970,133.0,139.0,163.0,155.0,125.0,103.0,109.0,134.0,146.0,128.0,143.0,119.0
1971,129.0,143.0,152.0,170.0,125.0,102.0,107.0,125.0,127.0,112.0,117.0,110.0
1972,131.0,129.0,162.0,157.0,133.0,105.0,108.0,139.0,139.0,127.0,127.0,127.0
1973,118.0,149.0,155.0,154.0,127.0,100.0,108.0,129.0,136.0,136.0,120.0,122.0
1974,118.0,149.0,155.0,154.0,127.0,100.0,108.0,129.0,136.0,136.0,125.0,130.0
1975,139.0,130.0,170.0,156.0,136.0,110.0,109.0,142.0,146.0,120.0,119.0,120.0
1976,133.0,140.0,147.0,151.0,133.0,116.0,108.0,123.0,146.0,122.0,132.0,137.0
1977,129.0,149.0,129.0,161.0,126.0,106.0,120.0,131.0,159.0,133.0,127.0,134.0
1978,125.0,141.0,152.0,172.0,144.0,117.0,115.0,137.0,164.0,126.0,133.0,135.0
1979,140.0,185.0,180.0,166.0,144.0,115.0,129.0,143.0,140.0,122.0,139.0,146.0
1980,172.0,191.0,114.0,134.0,127.0,117.0,113.0,127.0,142.0,111.0,130.0,133.0
1981,155.0,134.0,160.0,140.0,158.0,118.0,110.0,130.0,136.0,118.0,128.0,135.0
1982,127.0,161.0,178.0,196.0,134.0,117.0,109.0,134.0,136.0,116.0,99.0,67.0
1983,67.0,120.0,121.0,125.0,70.0,34.0,61.0,120.0,125.0,110.0,128.0,115.0
1984,167.0,117.0,166.0,174.0,151.0,120.0,112.0,134.0,141.0,127.0,137.0,120.0
1985,120.0,173.0,138.0,192.0,157.0,125.0,124.0,141.0,149.0,126.0,133.0,114.0
1986,119.0,153.0,181.0,162.0,151.0,129.0,121.0,143.0,149.0,133.0,142.0,135.0
1987,131.0,79.0,126.0,146.0,141.0,131.0,113.0,134.0,145.0,118.0,138.0,134.0
1988,144.0,165.0,201.0,182.0,150.0,130.0,117.0,133.0,140.0,111.0,115.0,146.0
1989,127.0,102.0,146.0,171.0,160.0,121.0,117.0,139.0,143.0,122.0,142.0,161.0
1990,171.0,180.0,178.0,196.0,143.0,116.0,125.0,136.0,143.0,129.0,136.0,158.0
1991,182.0,181.0,192.0,204.0,144.0,123.0,114.0,129.0,138.0,120.0,133.0,131.0
1992,157.0,179.0,126.0,151.0,109.0,116.0,114.0,137.0,137.0,132.0,140.0,149.0
1993,168.0,159.0,172.0,189.0,129.0,111.0,122.0,131.0,135.0,114.0,121.0,129.0
1994,161.0,184.0,185.0,196.0,153.0,124.0,120.0,129.0,136.0,127.0,143.0,148.0
1995,161.0,208.0,210.0,208.0,150.0,119.0,119.0,135.0,131.0,117.0,124.0,146.0
1996,165.0,193.0,187.0,212.0,148.0,119.0,114.0,127.0,133.0,117.0,146.0,143.0
1997,180.0,172.0,140.0,197.0,121.0,109.0,73.0,115.0,116.0,104.0,86.0,58.0
1998,90.0,92.0,102.0,103.0,84.0,95.0,110.0,135.0,134.0,120.0,148.0,162.0
1999,170.0,163.0,182.0,192.0,143.0,127.0,112.0,132.0,132.0,120.0,128.0,125.0
2000,187.0,193.0,174.0,189.0,139.0,122.0,117.0,136.0,126.0,123.0,144.0,130.0
2001,148.0,167.0,114.0,189.0,137.0,119.0,106.0,125.0,125.0,116.0,124.0,135.0
2002,188.0,133.0,115.0,159.0,140.0,126.0,108.0,123.0,135.0,112.0,128.0,127.0
2003,163.0,181.0,168.0,195.0,111.0,110.0,97.0,119.0,116.0,89.0,133.0,128.0
2004,180.0,186.0,161.0,189.0,127.0,115.0,108.0,133.0,113.0,104.0,150.0,163.0
2005,181.0,158.0,176.0,156.0,162.0,125.0,126.0,136.0,140.0,116.0,128.0,141.0
2006,153.0,107.0,165.0,214.0,153.0,121.0,117.0,133.0,141.0,130.0,138.0,147.0
2007,120.0,191.0,159.0,171.0,133.0,105.0,110.0,119.0,137.0,106.0,110.0,150.0
2008,99.0,124.0,146.0,193.0,133.0,115.0,100.0,110.0,116.0,103.0,128.0,149.0
2009,126.0,130.0,161.0,190.0,150.0,114.0,111.0,124.0,137.0,124.0,145.0,135.0
2010,136.0,107.0,146.0,158.0,133.0,105.0,106.0,119.0,128.0,126.0,139.0,133.0
2011,160.0,178.0,220.0,191.0,127.0,99.0,88.0,132.0,135.0,119.0,151.0,116.0
2012,96.0,118.0,108.0,177.0,109.0,109.0,121.0,128.0,139.0,113.0,138.0,149.0
2013,91.0,142.0,110.0,186.0,144.0,128.0,118.0,134.0,135.0,126.0,142.0,159.0
2014,134.0,175.0,196.0,189.0,114.0,103.0,109.0,120.0,139.0,115.0,130.0,133.0
2015,144.0,185.0,132.0,180.0,125.0,94.0,98.0,136.0,150.0,113.0,131.0,119.0
2016,152.0,143.0,141.0,178.0,149.0,102.0,100.0,125.0,138.0,127.0,142.0,144.0
2017,118.0,155.0,116.0,162.0,101.0,110.0,112.0,141.0,132.0,93.0,142.0,134.0
2018,153.0,144.0,153.0,206.0,138.0,125.0,114.0,127.0,146.0,128.0,126.0,109.0
2019,139.0,146.0,159.0,179.0,126.0,111.0,118.0,153.0,158.0,113.0,111.0,143.0
